"Perioden";"Regio's";"Bevolking/Bevolkingssamenstelling op 1 januari/Totale bevolking (aantal)";"Bevolking/Bevolkingssamenstelling op 1 januari/Burgerlijke staat/Bevolking 15 jaar of ouder/Inwoners 15 jaar of ouder (aantal)";"Bevolking/Bevolkingssamenstelling op 1 januari/Burgerlijke staat/Bevolking 15 jaar of ouder/Gehuwd (in % van  inwoners 15 jaar of ouder)";"Bevolking/Bevolkingssamenstelling op 1 januari/Bevolkingsdichtheid (aantal inwoners per km²)";"Bouwen en wonen/Woningvoorraad/Voorraad op 1 januari (aantal)";"Milieu en bodemgebruik/Bodemgebruik/Oppervlakte/Totale oppervlakte (km²)"
"2020";"Aa en Hunze";"   25445";"   21985";"    53.6";"      92";"   11179";"  278.87"
"2020";"Aalburg";"";"";"";"";"";""
"2020";"Aalsmeer";"   31859";"   26282";"    49.7";"    1584";"   13217";"   32.29"
"2020";"Aalten";"   27121";"   22904";"    51.6";"     281";"   11976";"   97.05"
"2020";"Ter Aar";"";"";"";"";"";""
"2020";"Aarle-Rixtel";"";"";"";"";"";""
"2020";"Abcoude";"";"";"";"";"";""
"2020";"Achtkarspelen";"   27843";"   23003";"    51.5";"     272";"   12129";"  103.98"
"2020";"Akersloot";"";"";"";"";"";""
"2020";"Alblasserdam";"   20165";"   16279";"    55.2";"    2297";"    8353";"   10.06"
"2020";"Albrandswaard";"   25590";"   21044";"    52.4";"    1180";"   10517";"   23.76"
"2020";"Alkemade";"";"";"";"";"";""
"2020";"Alkmaar";"  109436";"   92661";"    42.5";"     991";"   51339";"  117.35"
"2020";"Almelo";"   73107";"   61547";"    46.4";"    1087";"   33549";"   69.41"
"2020";"Almere";"  211893";"  172472";"    44.2";"    1640";"   85977";"  248.77"
"2020";"Alphen aan den Rijn";"  111897";"   93575";"    49.5";"     886";"   48178";"  132.50"
"2020";"Alphen en Riel";"";"";"";"";"";""
"2020";"Alphen-Chaam";"   10203";"    8698";"    55.3";"     110";"    4371";"   93.52"
"2020";"Altena";"   55967";"   46176";"    56.8";"     279";"   22399";"  226.64"
"2020";"Ambt Delden";"";"";"";"";"";""
"2020";"Ambt Montfort";"";"";"";"";"";""
"2020";"Ameland";"    3716";"    3136";"    49.9";"      63";"    1737";"  268.50"
"2020";"Amerongen";"";"";"";"";"";""
"2020";"Amersfoort";"  157276";"  128770";"    45.5";"    2512";"   67722";"   63.86"
"2020";"Ammerzoden";"";"";"";"";"";""
"2020";"Amstelveen";"   91675";"   75600";"    46.3";"    2229";"   42310";"   44.08"
"2020";"Amsterdam";"  872757";"  747638";"    28.5";"    5273";"  447351";"  219.49"
"2020";"Andijk";"";"";"";"";"";""
"2020";"Angerlo";"";"";"";"";"";""
"2020";"Anloo";"";"";"";"";"";""
"2020";"Anna Paulowna";"";"";"";"";"";""
"2020";"Apeldoorn";"  163818";"  138377";"    48.3";"     482";"   73244";"  341.15"
"2020";"Appingedam";"   11642";"   10010";"    47.9";"     490";"    6042";"   24.58"
"2020";"Arcen en Velden";"";"";"";"";"";""
"2020";"Arnemuiden";"";"";"";"";"";""
"2020";"Arnhem";"  161348";"  136138";"    35.6";"    1649";"   76737";"  101.54"
"2020";"Assen";"   68599";"   57623";"    45.5";"     838";"   32154";"   83.45"
"2020";"Asten";"   16721";"   14242";"    52.1";"     238";"    6899";"   71.34"
"2020";"Avereest";"";"";"";"";"";""
"2020";"Axel";"";"";"";"";"";""
"2020";"Baarle-Nassau";"    6859";"    5923";"    51.8";"      90";"    2875";"   76.29"
"2020";"Baarn";"   24868";"   20969";"    45.5";"     764";"   11679";"   33.01"
"2020";"Bakel en Milheeze";"";"";"";"";"";""
"2020";"Barendrecht";"   48714";"   39953";"    53.5";"    2467";"   19416";"   21.73"
"2020";"Barneveld";"   59082";"   46445";"    57.9";"     336";"   22799";"  176.66"
"2020";"Bathmen";"";"";"";"";"";""
"2020";"Bedum";"";"";"";"";"";""
"2020";"Beek (L.)";"   15865";"   13937";"    52.7";"     754";"    7488";"   21.03"
"2020";"Beek en Donk";"";"";"";"";"";""
"2020";"Beekdaelen";"   35938";"   31311";"    53.7";"     459";"   16635";"   78.49"
"2020";"Beemster";"   10022";"    8282";"    50.9";"     142";"    4036";"   72.07"
"2020";"Beesel";"   13482";"   11611";"    54.0";"     482";"    5965";"   29.15"
"2020";"Beilen";"";"";"";"";"";""
"2020";"Belfeld";"";"";"";"";"";""
"2020";"Bellingwedde";"";"";"";"";"";""
"2020";"Bemmel";"";"";"";"";"";""
"2020";"Bennebroek";"";"";"";"";"";""
"2020";"Berg en Dal";"   34992";"   30366";"    48.8";"     405";"   15802";"   93.28"
"2020";"Bergambacht";"";"";"";"";"";""
"2020";"Bergeijk";"   18635";"   15954";"    53.6";"     184";"    7970";"  101.75"
"2020";"Bergen (L.)";"   13085";"   11379";"    52.4";"     127";"    5760";"  108.50"
"2020";"Bergen (NH.)";"   29839";"   26310";"    48.5";"     302";"   15344";"  120.23"
"2020";"Bergen op Zoom";"   67496";"   57467";"    49.9";"     844";"   30884";"   93.13"
"2020";"Bergeyk";"";"";"";"";"";""
"2020";"Bergh";"";"";"";"";"";""
"2020";"Bergschenhoek";"";"";"";"";"";""
"2020";"Berkel en Rodenrijs";"";"";"";"";"";""
"2020";"Berkel-Enschot";"";"";"";"";"";""
"2020";"Berkelland";"   43747";"   37570";"    53.0";"     170";"   19525";"  260.21"
"2020";"Berlicum";"";"";"";"";"";""
"2020";"Bernheze";"   31240";"   26396";"    52.2";"     348";"   12714";"   90.41"
"2020";"Bernisse";"";"";"";"";"";""
"2020";"Best";"   29988";"   25408";"    51.6";"     874";"   12698";"   35.10"
"2020";"Beuningen";"   25890";"   22040";"    51.5";"     593";"   11137";"   47.09"
"2020";"Beverwijk";"   41626";"   34996";"    44.1";"    2262";"   19403";"   20.09"
"2020";"het Bildt";"";"";"";"";"";""
"2020";"De Bilt";"   43137";"   35895";"    47.8";"     652";"   19577";"   67.13"
"2020";"Binnenmaas";"";"";"";"";"";""
"2020";"Bladel";"   20390";"   17347";"    51.4";"     271";"    8746";"   75.62"
"2020";"Bladel en Netersel";"";"";"";"";"";""
"2020";"Blaricum";"   11540";"    9408";"    53.7";"    1038";"    5075";"   15.56"
"2020";"Bleiswijk";"";"";"";"";"";""
"2020";"Bloemendaal";"   23571";"   19430";"    52.1";"     592";"   10034";"   45.23"
"2020";"Boarnsterhim";"";"";"";"";"";""
"2020";"Bodegraven";"";"";"";"";"";""
"2020";"Bodegraven-Reeuwijk";"   34872";"   28757";"    54.0";"     463";"   14499";"   88.64"
"2020";"Boekel";"   10785";"    9038";"    50.7";"     313";"    4248";"   34.52"
"2020";"Ten Boer";"";"";"";"";"";""
"2020";"Bolsward";"";"";"";"";"";""
"2020";"Borculo";"";"";"";"";"";""
"2020";"Borger";"";"";"";"";"";""
"2020";"Borger-Odoorn";"   25559";"   22023";"    54.8";"      93";"   11374";"  277.89"
"2020";"Born";"";"";"";"";"";""
"2020";"Borne";"   23312";"   19265";"    54.2";"     897";"    9954";"   26.16"
"2020";"Borsele";"   22739";"   18898";"    54.8";"     161";"    9821";"  194.52"
"2020";"Boskoop";"";"";"";"";"";""
"2020";"Boxmeer";"   29365";"   25325";"    51.1";"     263";"   12568";"  113.84"
"2020";"Boxtel";"   30801";"   26104";"    49.6";"     483";"   13401";"   64.85"
"2020";"Brakel";"";"";"";"";"";""
"2020";"Breda";"  184069";"  155704";"    40.4";"    1464";"   84567";"  128.68"
"2020";"Brederwiede";"";"";"";"";"";""
"2020";"Breukelen";"";"";"";"";"";""
"2020";"Brielle";"   17271";"   14870";"    51.3";"     627";"    8029";"   31.14"
"2020";"Broekhuizen";"";"";"";"";"";""
"2020";"Bronckhorst";"   36055";"   31302";"    52.7";"     127";"   16198";"  286.42"
"2020";"Brouwershaven";"";"";"";"";"";""
"2020";"Bruinisse";"";"";"";"";"";""
"2020";"Brummen";"   20726";"   17951";"    53.9";"     248";"    9348";"   85.01"
"2020";"Brunssum";"   27821";"   24316";"    47.6";"    1613";"   14493";"   17.34"
"2020";"Budel";"";"";"";"";"";""
"2020";"Bunnik";"   15191";"   12458";"    52.7";"     411";"    6392";"   37.57"
"2020";"Bunschoten";"   21866";"   17609";"    60.9";"     720";"    8536";"   34.81"
"2020";"Buren";"   26749";"   22599";"    55.1";"     200";"   10829";"  142.92"
"2020";"Bussum";"";"";"";"";"";""
"2020";"Capelle aan den IJssel";"   67122";"   56384";"    44.6";"    4747";"   31270";"   15.40"
"2020";"Castricum";"   35986";"   30780";"    49.7";"     724";"   16056";"   60.40"
"2020";"Chaam";"";"";"";"";"";""
"2020";"Coevorden";"   35297";"   30163";"    52.5";"     119";"   15555";"  299.69"
"2020";"Cothen";"";"";"";"";"";""
"2020";"Cranendonck";"   21138";"   18095";"    52.2";"     277";"    9007";"   78.05"
"2020";"Cromstrijen";"";"";"";"";"";""
"2020";"Cuijk";"   25130";"   21457";"    49.1";"     491";"   11193";"   57.07"
"2020";"Culemborg";"   28955";"   24161";"    48.5";"     989";"   12530";"   31.14"
"2020";"Dalen";"";"";"";"";"";""
"2020";"Dalfsen";"   28587";"   23787";"    56.3";"     173";"   11889";"  166.52"
"2020";"Dantumadeel";"";"";"";"";"";""
"2020";"Dantumadiel";"   18922";"   15820";"    54.3";"     224";"    8164";"   87.53"
"2020";"Delft";"  103595";"   90842";"    33.0";"    4573";"   50904";"   24.06"
"2020";"Delfzijl";"   24678";"   21231";"    49.1";"     185";"   12223";"  227.50"
"2020";"Denekamp";"";"";"";"";"";""
"2020";"Deurne";"   32471";"   27560";"    51.2";"     278";"   13955";"  118.36"
"2020";"Deventer";"  100719";"   84551";"    44.3";"     771";"   45988";"  134.33"
"2020";"Didam";"";"";"";"";"";""
"2020";"Diemen";"   30780";"   26195";"    36.5";"    2566";"   15015";"   14.04"
"2020";"Diepenheim";"";"";"";"";"";""
"2020";"Diepenveen";"";"";"";"";"";""
"2020";"Diessen";"";"";"";"";"";""
"2020";"Diever";"";"";"";"";"";""
"2020";"Dinkelland";"   26461";"   22512";"    53.0";"     151";"   10939";"  176.83"
"2020";"Dinteloord en Prinsenland";"";"";"";"";"";""
"2020";"Dinxperlo";"";"";"";"";"";""
"2020";"Dirksland";"";"";"";"";"";""
"2020";"Dodewaard";"";"";"";"";"";""
"2020";"Doesburg";"   11077";"    9677";"    50.3";"     961";"    5293";"   12.96"
"2020";"Doetinchem";"   58001";"   49149";"    47.4";"     734";"   26129";"   79.66"
"2020";"Domburg";"";"";"";"";"";""
"2020";"Dongen";"   26222";"   22264";"    52.0";"     897";"   11289";"   29.74"
"2020";"Dongeradeel";"";"";"";"";"";""
"2020";"Doorn";"";"";"";"";"";""
"2020";"Dordrecht";"  119284";"  100681";"    45.6";"    1519";"   55279";"   99.47"
"2020";"Drechterland";"   19719";"   16575";"    52.4";"     335";"    8373";"   80.59"
"2020";"Driebergen-Rijsenburg";"";"";"";"";"";""
"2020";"Drimmelen";"   27272";"   23451";"    52.9";"     287";"   11761";"  119.43"
"2020";"Dronten";"   41555";"   34597";"    53.1";"     125";"   17390";"  423.89"
"2020";"Drunen";"";"";"";"";"";""
"2020";"Druten";"   18926";"   16044";"    49.9";"     503";"    8126";"   42.46"
"2020";"Duiveland";"";"";"";"";"";""
"2020";"Duiven";"   25126";"   21438";"    52.9";"     741";"   10743";"   35.19"
"2020";"Den Dungen";"";"";"";"";"";""
"2020";"Dussen";"";"";"";"";"";""
"2020";"Dwingeloo";"";"";"";"";"";""
"2020";"Echt";"";"";"";"";"";""
"2020";"Echteld";"";"";"";"";"";""
"2020";"Echt-Susteren";"   31610";"   27718";"    50.4";"     307";"   14595";"  104.62"
"2020";"Edam-Volendam";"   36197";"   30496";"    53.4";"     666";"   15120";"   80.00"
"2020";"Ede";"  117165";"   96276";"    52.8";"     368";"   49152";"  318.62"
"2020";"Eelde";"";"";"";"";"";""
"2020";"Eemnes";"    9247";"    7774";"    49.5";"     298";"    4008";"   33.70"
"2020";"Eemsmond";"";"";"";"";"";""
"2020";"Eersel";"   19313";"   16454";"    52.6";"     234";"    8402";"   83.33"
"2020";"Egmond";"";"";"";"";"";""
"2020";"Eibergen";"";"";"";"";"";""
"2020";"Eijsden";"";"";"";"";"";""
"2020";"Eijsden-Margraten";"   25768";"   22198";"    55.8";"     332";"   11326";"   78.77"
"2020";"Eindhoven";"  234394";"  201310";"    37.6";"    2674";"  112965";"   88.92"
"2020";"Elburg";"   23161";"   18933";"    58.6";"     363";"    9356";"   65.91"
"2020";"Elst";"";"";"";"";"";""
"2020";"Emmen";"  107048";"   91669";"    48.5";"     319";"   49308";"  346.26"
"2020";"Enkhuizen";"   18591";"   15703";"    47.6";"    1466";"    8824";"  116.25"
"2020";"Enschede";"  159640";"  136160";"    39.6";"    1134";"   75222";"  142.72"
"2020";"Epe";"   33178";"   28346";"    54.9";"     213";"   14586";"  157.37"
"2020";"Ermelo";"   27008";"   22892";"    52.5";"     315";"   11156";"   87.33"
"2020";"Esch";"";"";"";"";"";""
"2020";"Etten-Leur";"   43878";"   36598";"    51.2";"     793";"   19093";"   55.92"
"2020";"Ferwerderadeel";"";"";"";"";"";""
"2020";"Ferwerderadiel";"";"";"";"";"";""
"2020";"Fijnaart en Heijningen";"";"";"";"";"";""
"2020";"Franekeradeel";"";"";"";"";"";""
"2020";"De Friese Meren";"";"";"";"";"";""
"2020";"De Fryske Marren";"   51564";"   43430";"    51.6";"     147";"   23347";"  549.10"
"2020";"Gaasterlân-Sleat";"";"";"";"";"";""
"2020";"Gasselte";"";"";"";"";"";""
"2020";"Geertruidenberg";"   21544";"   18195";"    51.1";"     809";"    9639";"   29.64"
"2020";"Geldermalsen";"";"";"";"";"";""
"2020";"Geldrop";"";"";"";"";"";""
"2020";"Geldrop-Mierlo";"   39726";"   33675";"    49.9";"    1281";"   17746";"   31.39"
"2020";"Geleen";"";"";"";"";"";""
"2020";"Gemert";"";"";"";"";"";""
"2020";"Gemert-Bakel";"   30723";"   25797";"    50.9";"     252";"   12635";"  123.34"
"2020";"Gendringen";"";"";"";"";"";""
"2020";"Gendt";"";"";"";"";"";""
"2020";"Genemuiden";"";"";"";"";"";""
"2020";"Gennep";"   16921";"   14493";"    49.2";"     355";"    7450";"   50.42"
"2020";"Giessenlanden";"";"";"";"";"";""
"2020";"Gieten";"";"";"";"";"";""
"2020";"Gilze en Rijen";"   26431";"   22286";"    52.5";"     404";"   11301";"   65.66"
"2020";"Goedereede";"";"";"";"";"";""
"2020";"Goeree-Overflakkee";"   50049";"   42050";"    57.0";"     192";"   21855";"  422.35"
"2020";"Goes";"   38082";"   32607";"    49.0";"     411";"   18553";"  101.92"
"2020";"Goirle";"   23904";"   19915";"    53.7";"     556";"   10363";"   43.38"
"2020";"Gooise Meren";"   58055";"   47182";"    45.5";"    1396";"   26679";"   75.22"
"2020";"Goor";"";"";"";"";"";""
"2020";"Gorinchem";"   37022";"   31061";"    46.5";"    1966";"   17210";"   21.93"
"2020";"Gorssel";"";"";"";"";"";""
"2020";"Gouda";"   73427";"   61404";"    46.8";"    4449";"   33439";"   18.11"
"2020";"Graafstroom";"";"";"";"";"";""
"2020";"Graft-De Rijp";"";"";"";"";"";""
"2020";"Gramsbergen";"";"";"";"";"";""
"2020";"Grave";"   12436";"   10654";"    49.3";"     457";"    5465";"   28.03"
"2020";"'s-Graveland";"";"";"";"";"";""
"2020";"'s-Gravendeel";"";"";"";"";"";""
"2020";"'s-Gravenhage (gemeente)";"  545838";"  453285";"    36.0";"    6620";"  262492";"   98.13"
"2020";"'s-Gravenmoer";"";"";"";"";"";""
"2020";"'s-Gravenzande";"";"";"";"";"";""
"2020";"Groenlo";"";"";"";"";"";""
"2020";"Groesbeek";"";"";"";"";"";""
"2020";"Groningen (gemeente)";"  232874";"  204215";"    27.4";"    1255";"  116445";"  197.96"
"2020";"Grootegast";"";"";"";"";"";""
"2020";"Grubbenvorst";"";"";"";"";"";""
"2020";"Gulpen";"";"";"";"";"";""
"2020";"Gulpen-Wittem";"   14171";"   12627";"    54.4";"     194";"    6867";"   73.36"
"2020";"Haaksbergen";"   24311";"   20728";"    51.8";"     232";"   10497";"  105.50"
"2020";"Haaren";"   14370";"   12400";"    51.6";"     249";"    5957";"   58.56"
"2020";"Haarlem";"  162902";"  135427";"    38.4";"    5585";"   76436";"   32.09"
"2020";"Haarlemmerliede en Spaarnwoude";"";"";"";"";"";""
"2020";"Haarlemmermeer";"  156002";"  129523";"    49.1";"     790";"   64195";"  206.31"
"2020";"Haelen";"";"";"";"";"";""
"2020";"Halderberge";"   30284";"   25897";"    54.1";"     407";"   13399";"   75.21"
"2020";"Halsteren";"";"";"";"";"";""
"2020";"Den Ham";"";"";"";"";"";""
"2020";"Hardenberg";"   60948";"   50356";"    53.3";"     195";"   24810";"  317.15"
"2020";"Harderwijk";"   48414";"   39833";"    51.2";"    1245";"   19942";"   48.27"
"2020";"Hardinxveld-Giessendam";"   18295";"   14741";"    59.1";"    1082";"    7451";"   19.35"
"2020";"Haren";"";"";"";"";"";""
"2020";"Harenkarspel";"";"";"";"";"";""
"2020";"Harlingen";"   15722";"   13388";"    46.9";"     630";"    7798";"  387.67"
"2020";"Harmelen";"";"";"";"";"";""
"2020";"Hasselt";"";"";"";"";"";""
"2020";"Hattem";"   12209";"   10117";"    57.5";"     529";"    5298";"   24.16"
"2020";"Havelte";"";"";"";"";"";""
"2020";"Hedel";"";"";"";"";"";""
"2020";"Heel";"";"";"";"";"";""
"2020";"Heemskerk";"   39182";"   33449";"    48.7";"    1433";"   17578";"   31.68"
"2020";"Heemstede";"   27234";"   22392";"    49.0";"    2968";"   12628";"    9.64"
"2020";"Heerde";"   18589";"   15638";"    59.6";"     236";"    7924";"   80.42"
"2020";"Heerenveen";"   50493";"   42474";"    47.1";"     266";"   23528";"  198.17"
"2020";"Heerewaarden";"";"";"";"";"";""
"2020";"Heerhugowaard";"   57587";"   47226";"    49.2";"    1507";"   23913";"   39.99"
"2020";"Heerjansdam";"";"";"";"";"";""
"2020";"Heerlen";"   87086";"   76038";"    40.9";"    1938";"   45976";"   45.53"
"2020";"Heesch";"";"";"";"";"";""
"2020";"Heeze";"";"";"";"";"";""
"2020";"Heeze-Leende";"   16152";"   13865";"    52.9";"     155";"    6861";"  105.04"
"2020";"Heiloo";"   23968";"   20395";"    50.5";"    1282";"   10775";"   19.01"
"2020";"Heino";"";"";"";"";"";""
"2020";"Helden";"";"";"";"";"";""
"2020";"Den Helder";"   56296";"   48231";"    46.4";"    1244";"   28213";"  178.80"
"2020";"Hellendoorn";"   35916";"   30149";"    54.4";"     260";"   14889";"  138.99"
"2020";"Hellevoetsluis";"   40142";"   34015";"    51.5";"     977";"   17967";"   61.20"
"2020";"Helmond";"   92423";"   77284";"    46.6";"    1738";"   40788";"   54.75"
"2020";"Helvoirt";"";"";"";"";"";""
"2020";"Hendrik-Ido-Ambacht";"   31202";"   24744";"    57.1";"    2940";"   12314";"   11.90"
"2020";"Hengelo (Gld.)";"";"";"";"";"";""
"2020";"Hengelo (O.)";"   81140";"   69034";"    45.7";"    1334";"   38701";"   61.83"
"2020";"'s-Hertogenbosch";"  155111";"  131421";"    42.3";"    1410";"   72991";"  117.81"
"2020";"Heteren";"";"";"";"";"";""
"2020";"Heumen";"   16454";"   14081";"    52.1";"     414";"    7206";"   41.54"
"2020";"Heusden";"   44692";"   37766";"    52.5";"     567";"   19193";"   81.22"
"2020";"Heythuysen";"";"";"";"";"";""
"2020";"Hillegom";"   22209";"   18735";"    48.0";"    1725";"    9849";"   13.47"
"2020";"Hilvarenbeek";"   15518";"   13230";"    53.9";"     164";"    6724";"   96.51"
"2020";"Hilversum";"   90831";"   75525";"    42.7";"    1991";"   42676";"   46.35"
"2020";"Hoeksche Waard";"   87401";"   73774";"    55.5";"     325";"   37821";"  323.69"
"2020";"Hoevelaken";"";"";"";"";"";""
"2020";"Hoeven";"";"";"";"";"";""
"2020";"Hof van Twente";"   35017";"   29950";"    52.4";"     165";"   15211";"  215.41"
"2020";"Het Hogeland";"   47801";"   40494";"    50.7";"      99";"   22743";"  907.58"
"2020";"Hollands Kroon";"   48432";"   41013";"    51.4";"     136";"   20882";"  662.20"
"2020";"Holten";"";"";"";"";"";""
"2020";"Hontenisse";"";"";"";"";"";""
"2020";"Hooge en Lage Mierde";"";"";"";"";"";""
"2020";"Hooge en Lage Zwaluwe";"";"";"";"";"";""
"2020";"Hoogeloon, Hapert en Casteren";"";"";"";"";"";""
"2020";"Hoogeveen";"   55699";"   46512";"    49.9";"     437";"   25236";"  129.25"
"2020";"Hoogezand-Sappemeer";"";"";"";"";"";""
"2020";"Hoorn";"   73261";"   61224";"    44.3";"    3595";"   33086";"   53.46"
"2020";"Horst";"";"";"";"";"";""
"2020";"Horst aan de Maas";"   42429";"   36423";"    51.2";"     225";"   17839";"  191.92"
"2020";"Houten";"   50146";"   40612";"    52.5";"     913";"   20417";"   58.99"
"2020";"Huijbergen";"";"";"";"";"";""
"2020";"Huissen";"";"";"";"";"";""
"2020";"Huizen";"   41273";"   34965";"    49.9";"    2611";"   18924";"   23.32"
"2020";"Hulst";"   27556";"   23956";"    51.9";"     137";"   13587";"  251.82"
"2020";"Hummelo en Keppel";"";"";"";"";"";""
"2020";"Hunsel";"";"";"";"";"";""
"2020";"IJsselham";"";"";"";"";"";""
"2020";"IJsselmuiden";"";"";"";"";"";""
"2020";"IJsselstein";"   34109";"   28411";"    48.2";"    1619";"   14407";"   21.68"
"2020";"Jacobswoude";"";"";"";"";"";""
"2020";"Kaag en Braassem";"   27297";"   23116";"    51.7";"     432";"   11726";"   72.24"
"2020";"Kampen";"   54319";"   43872";"    54.9";"     382";"   22517";"  161.79"
"2020";"Kapelle";"   12695";"   10476";"    58.3";"     342";"    5403";"   49.63"
"2020";"Katwijk";"   65753";"   53679";"    55.1";"    2657";"   26869";"   31.15"
"2020";"Kerkrade";"   45749";"   40097";"    47.1";"    2088";"   23771";"   22.15"
"2020";"Kerkwijk";"";"";"";"";"";""
"2020";"Kessel";"";"";"";"";"";""
"2020";"Kesteren";"";"";"";"";"";""
"2020";"Klundert";"";"";"";"";"";""
"2020";"Koggenland";"   22749";"   19140";"    50.6";"     283";"    9473";"   84.08"
"2020";"Kollumerland en Nieuwkruisland";"";"";"";"";"";""
"2020";"Korendijk";"";"";"";"";"";""
"2020";"Krimpen aan den IJssel";"   29526";"   24451";"    54.3";"    3841";"   12636";"    8.95"
"2020";"Krimpenerwaard";"   56319";"   46952";"    54.6";"     380";"   23933";"  161.31"
"2020";"Laarbeek";"   22523";"   19123";"    52.7";"     407";"    9531";"   56.17"
"2020";"Landerd";"   15730";"   13325";"    50.6";"     224";"    6403";"   70.71"
"2020";"Landgraaf";"   37445";"   32772";"    50.0";"    1523";"   18142";"   24.67"
"2020";"Landsmeer";"   11491";"    9533";"    50.2";"     510";"    4896";"   26.50"
"2020";"Langbroek";"";"";"";"";"";""
"2020";"Langedijk";"   28163";"   23540";"    51.1";"    1179";"   11650";"   27.03"
"2020";"Lansingerland";"   62384";"   49191";"    53.9";"    1168";"   24245";"   56.39"
"2020";"Laren (NH.)";"   11280";"    9539";"    48.8";"     909";"    5400";"   12.41"
"2020";"Leek";"";"";"";"";"";""
"2020";"Leende";"";"";"";"";"";""
"2020";"Leerdam";"";"";"";"";"";""
"2020";"Leersum";"";"";"";"";"";""
"2020";"Leeuwarden";"  124084";"  105547";"    38.2";"     521";"   62599";"  255.62"
"2020";"Leeuwarderadeel";"";"";"";"";"";""
"2020";"Leiden";"  125099";"  108973";"    33.8";"    5710";"   59832";"   23.27"
"2020";"Leiderdorp";"   27056";"   22759";"    49.8";"    2337";"   12119";"   12.28"
"2020";"Leidschendam";"";"";"";"";"";""
"2020";"Leidschendam-Voorburg";"   76534";"   64167";"    45.1";"    2351";"   36944";"   35.62"
"2020";"Lelystad";"   78598";"   64508";"    45.0";"     341";"   33385";"  765.45"
"2020";"Lemsterland";"";"";"";"";"";""
"2020";"Leudal";"   35879";"   31325";"    52.0";"     220";"   15992";"  164.91"
"2020";"Leusden";"   30401";"   25396";"    53.7";"     519";"   13043";"   58.89"
"2020";"Lichtenvoorde";"";"";"";"";"";""
"2020";"Liemeer";"";"";"";"";"";""
"2020";"Liempde";"";"";"";"";"";""
"2020";"Lienden";"";"";"";"";"";""
"2020";"De Lier";"";"";"";"";"";""
"2020";"Lieshout";"";"";"";"";"";""
"2020";"Liesveld";"";"";"";"";"";""
"2020";"Limmen";"";"";"";"";"";""
"2020";"Lingewaal";"";"";"";"";"";""
"2020";"Lingewaard";"   46601";"   39175";"    52.5";"     752";"   19872";"   69.14"
"2020";"Lisse";"   22955";"   19443";"    50.7";"    1463";"   10330";"   16.05"
"2020";"Lith";"";"";"";"";"";""
"2020";"Littenseradiel";"";"";"";"";"";""
"2020";"Lochem";"   33729";"   29026";"    54.0";"     158";"   15096";"  215.94"
"2020";"Loenen";"";"";"";"";"";""
"2020";"Loon op Zand";"   23408";"   20006";"    51.3";"     469";"   10409";"   50.71"
"2020";"Loosdrecht";"";"";"";"";"";""
"2020";"Lopik";"   14467";"   12063";"    51.7";"     191";"    5741";"   78.98"
"2020";"Loppersum";"    9537";"    8127";"    51.5";"      86";"    4687";"  111.99"
"2020";"Losser";"   22683";"   19305";"    53.6";"     230";"    9789";"   99.62"
"2020";"Luyksgestel";"";"";"";"";"";""
"2020";"Maarheeze";"";"";"";"";"";""
"2020";"Maarn";"";"";"";"";"";""
"2020";"Maarssen";"";"";"";"";"";""
"2020";"Maartensdijk";"";"";"";"";"";""
"2020";"Maasbracht";"";"";"";"";"";""
"2020";"Maasbree";"";"";"";"";"";""
"2020";"Maasdonk";"";"";"";"";"";""
"2020";"Maasdriel";"   25030";"   21157";"    50.7";"     379";"   10115";"   75.46"
"2020";"Maasgouw";"   23965";"   21201";"    50.4";"     524";"   10856";"   58.12"
"2020";"Maasland";"";"";"";"";"";""
"2020";"Maassluis";"   33213";"   27957";"    50.8";"    3918";"   15186";"   10.12"
"2020";"Maastricht";"  121575";"  108958";"    36.4";"    2172";"   61833";"   60.12"
"2020";"Made";"";"";"";"";"";""
"2020";"Made en Drimmelen";"";"";"";"";"";""
"2020";"Margraten";"";"";"";"";"";""
"2020";"Mariekerke";"";"";"";"";"";""
"2020";"Markelo";"";"";"";"";"";""
"2020";"De Marne";"";"";"";"";"";""
"2020";"Marum";"";"";"";"";"";""
"2020";"Maurik";"";"";"";"";"";""
"2020";"Medemblik";"   45101";"   37896";"    50.3";"     371";"   19100";"  257.56"
"2020";"Meerlo-Wanssum";"";"";"";"";"";""
"2020";"Meerssen";"   18828";"   16432";"    53.0";"     698";"    8629";"   27.70"
"2020";"Meierijstad";"   81194";"   68721";"    50.6";"     441";"   34544";"  185.52"
"2020";"Meijel";"";"";"";"";"";""
"2020";"Menaldumadeel";"";"";"";"";"";""
"2020";"Menameradiel";"";"";"";"";"";""
"2020";"Menterwolde";"";"";"";"";"";""
"2020";"Meppel";"   33920";"   28346";"    48.0";"     611";"   15851";"   57.03"
"2020";"Middelburg (Z.)";"   48822";"   41117";"    48.1";"    1008";"   23683";"   53.04"
"2020";"Middelharnis";"";"";"";"";"";""
"2020";"Midden-Delfland";"   19341";"   16070";"    54.9";"     410";"    7904";"   49.38"
"2020";"Midden-Drenthe";"   33185";"   28471";"    52.9";"      97";"   14378";"  345.87"
"2020";"Midden-Groningen";"   60797";"   51888";"    48.0";"     217";"   28167";"  295.77"
"2020";"Middenschouwen";"";"";"";"";"";""
"2020";"Middenveld";"";"";"";"";"";""
"2020";"Mierlo";"";"";"";"";"";""
"2020";"Mill en Sint Hubert";"   10939";"    9392";"    52.8";"     209";"    4627";"   53.17"
"2020";"Millingen aan de Rijn";"";"";"";"";"";""
"2020";"Moerdijk";"   37129";"   31630";"    51.9";"     233";"   16501";"  184.03"
"2020";"Moergestel";"";"";"";"";"";""
"2020";"Molenlanden";"   43909";"   35867";"    57.8";"     242";"   17205";"  191.58"
"2020";"Molenwaard";"";"";"";"";"";""
"2020";"Monster";"";"";"";"";"";""
"2020";"Montferland";"   36011";"   31229";"    52.3";"     341";"   15917";"  106.64"
"2020";"Montfoort";"   13917";"   11493";"    51.9";"     370";"    5740";"   38.20"
"2020";"Mook en Middelaar";"    7847";"    6873";"    52.1";"     451";"    3591";"   18.81"
"2020";"Moordrecht";"";"";"";"";"";""
"2020";"Muiden";"";"";"";"";"";""
"2020";"Naaldwijk";"";"";"";"";"";""
"2020";"Naarden";"";"";"";"";"";""
"2020";"Neder-Betuwe";"   24339";"   19316";"    57.0";"     406";"    8867";"   67.46"
"2020";"Nederhorst den Berg";"";"";"";"";"";""
"2020";"Nederlek";"";"";"";"";"";""
"2020";"Nederweert";"   17019";"   14712";"    54.0";"     170";"    7457";"  101.78"
"2020";"Neede";"";"";"";"";"";""
"2020";"Neerijnen";"";"";"";"";"";""
"2020";"Niedorp";"";"";"";"";"";""
"2020";"Nieuwegein";"   63462";"   53704";"    47.1";"    2700";"   28844";"   25.65"
"2020";"Nieuwerkerk aan den IJssel";"";"";"";"";"";""
"2020";"Nieuw-Ginneken";"";"";"";"";"";""
"2020";"Nieuwkoop";"   28811";"   24292";"    52.0";"     369";"   11498";"   91.16"
"2020";"Nieuw-Lekkerland";"";"";"";"";"";""
"2020";"Nieuwleusen";"";"";"";"";"";""
"2020";"Nieuw-Vossemeer";"";"";"";"";"";""
"2020";"Nijefurd";"";"";"";"";"";""
"2020";"Nijeveen";"";"";"";"";"";""
"2020";"Nijkerk";"   43171";"   35299";"    55.9";"     623";"   17321";"   72.04"
"2020";"Nijmegen";"  177659";"  153353";"    31.8";"    3346";"   81717";"   57.63"
"2020";"Nissewaard";"   85219";"   71940";"    48.8";"    1158";"   39225";"   83.79"
"2020";"Noardeast-Fryslân";"   45228";"   37572";"    50.7";"     120";"   20630";"  516.45"
"2020";"Noord-Beveland";"    7392";"    6506";"    52.8";"      86";"    4460";"  121.58"
"2020";"Noordenveld";"   31253";"   26711";"    52.3";"     157";"   14817";"  205.29"
"2020";"Noorder-Koggenland";"";"";"";"";"";""
"2020";"Noordoostpolder";"   47291";"   38634";"    52.5";"     103";"   20134";"  593.47"
"2020";"Noordwijk";"   43508";"   37162";"    46.4";"     745";"   19930";"   74.94"
"2020";"Noordwijkerhout";"";"";"";"";"";""
"2020";"Nootdorp";"";"";"";"";"";""
"2020";"Norg";"";"";"";"";"";""
"2020";"Nuenen, Gerwen en Nederwetten";"   23383";"   19853";"    54.4";"     694";"   10285";"   33.94"
"2020";"Nunspeet";"   27851";"   22772";"    57.5";"     216";"   10957";"  129.53"
"2020";"Nuth";"";"";"";"";"";""
"2020";"Obdam";"";"";"";"";"";""
"2020";"Odoorn";"";"";"";"";"";""
"2020";"Oegstgeest";"   24840";"   20331";"    50.1";"    3399";"   10862";"    7.97"
"2020";"Oirschot";"   18714";"   16038";"    52.1";"     184";"    7965";"  102.84"
"2020";"Oisterwijk";"   26245";"   22386";"    49.9";"     411";"   11619";"   65.13"
"2020";"Oldambt";"   38209";"   33036";"    48.7";"     169";"   18540";"  295.96"
"2020";"Oldebroek";"   23646";"   19308";"    61.0";"     242";"    9318";"   98.84"
"2020";"Oldenzaal";"   31836";"   26746";"    50.0";"    1477";"   14614";"   21.95"
"2020";"Olst";"";"";"";"";"";""
"2020";"Olst-Wijhe";"   18252";"   15486";"    53.1";"     160";"    7724";"  118.37"
"2020";"Ommen";"   18009";"   15049";"    54.3";"     100";"    7519";"  182.01"
"2020";"Onderbanken";"";"";"";"";"";""
"2020";"Oost Gelre";"   29627";"   25262";"    49.5";"     270";"   12910";"  110.44"
"2020";"Oost-, West- en Middelbeers";"";"";"";"";"";""
"2020";"Oostburg";"";"";"";"";"";""
"2020";"Oosterhesselen";"";"";"";"";"";""
"2020";"Oosterhout";"   55982";"   47475";"    51.0";"     783";"   25158";"   73.09"
"2020";"Oostflakkee";"";"";"";"";"";""
"2020";"Ooststellingwerf";"   25469";"   21704";"    50.3";"     114";"   11253";"  226.11"
"2020";"Oostzaan";"    9735";"    8199";"    51.6";"     845";"    4108";"   16.08"
"2020";"Ootmarsum";"";"";"";"";"";""
"2020";"Opmeer";"   11836";"   10045";"    50.1";"     285";"    4852";"   41.94"
"2020";"Opsterland";"   29733";"   25000";"    51.0";"     132";"   13064";"  227.64"
"2020";"Oss";"   91915";"   78045";"    48.7";"     563";"   40325";"  170.93"
"2020";"Ossendrecht";"";"";"";"";"";""
"2020";"Oud en Nieuw Gastel";"";"";"";"";"";""
"2020";"Oud-Beijerland";"";"";"";"";"";""
"2020";"Oude IJsselstreek";"   39388";"   33827";"    51.2";"     289";"   17401";"  137.95"
"2020";"Oudenbosch";"";"";"";"";"";""
"2020";"Ouder-Amstel";"   14026";"   11705";"    44.9";"     583";"    6296";"   25.78"
"2020";"Ouderkerk";"";"";"";"";"";""
"2020";"Oudewater";"   10230";"    8510";"    49.1";"     263";"    4372";"   40.10"
"2020";"Overbetuwe";"   47906";"   39645";"    52.9";"     439";"   19947";"  115.08"
"2020";"Papendrecht";"   32136";"   26955";"    53.2";"    3414";"   14397";"   10.79"
"2020";"Peel en Maas";"   43425";"   37269";"    52.2";"     272";"   18399";"  161.35"
"2020";"Peize";"";"";"";"";"";""
"2020";"Pekela";"   12196";"   10404";"    49.3";"     249";"    5774";"   50.20"
"2020";"Pijnacker";"";"";"";"";"";""
"2020";"Pijnacker-Nootdorp";"   55308";"   44425";"    52.0";"    1491";"   21536";"   38.62"
"2020";"Prinsenbeek";"";"";"";"";"";""
"2020";"Purmerend";"   81249";"   69392";"    46.0";"    3509";"   36701";"   24.56"
"2020";"Putte";"";"";"";"";"";""
"2020";"Putten";"   24112";"   19976";"    57.8";"     283";"    9727";"   87.50"
"2020";"Raalte";"   37712";"   31858";"    52.8";"     221";"   15902";"  172.29"
"2020";"Raamsdonk";"";"";"";"";"";""
"2020";"Ravenstein";"";"";"";"";"";""
"2020";"Reeuwijk";"";"";"";"";"";""
"2020";"Reiderland";"";"";"";"";"";""
"2020";"Reimerswaal";"   22730";"   18033";"    56.1";"     223";"    9298";"  242.42"
"2020";"Renkum";"   31419";"   27000";"    49.3";"     684";"   14985";"   47.23"
"2020";"Renswoude";"    5444";"    4300";"    59.1";"     296";"    2134";"   18.51"
"2020";"Reusel";"";"";"";"";"";""
"2020";"Reusel-De Mierden";"   13112";"   10901";"    54.9";"     168";"    5484";"   78.66"
"2020";"Rheden";"   43761";"   37733";"    46.4";"     535";"   21212";"   84.35"
"2020";"Rhenen";"   20119";"   16594";"    54.2";"     478";"    8225";"   43.76"
"2020";"Ridderkerk";"   46189";"   39204";"    51.9";"    1948";"   20960";"   25.26"
"2020";"Riethoven";"";"";"";"";"";""
"2020";"Rijnsburg";"";"";"";"";"";""
"2020";"Rijnwaarden";"";"";"";"";"";""
"2020";"Rijnwoude";"";"";"";"";"";""
"2020";"Rijsbergen";"";"";"";"";"";""
"2020";"Rijssen";"";"";"";"";"";""
"2020";"Rijssen-Holten";"   38177";"   30612";"    59.0";"     406";"   14760";"   94.38"
"2020";"Rijswijk (ZH.)";"   54450";"   45370";"    43.3";"    3901";"   26905";"   14.49"
"2020";"Roden";"";"";"";"";"";""
"2020";"Roerdalen";"   20574";"   18018";"    52.1";"     233";"    9477";"   88.79"
"2020";"Roermond";"   58260";"   49913";"    43.4";"     958";"   27649";"   71.05"
"2020";"Roggel en Neer";"";"";"";"";"";""
"2020";"Rolde";"";"";"";"";"";""
"2020";"De Ronde Venen";"   44456";"   37593";"    50.0";"     445";"   18517";"  116.98"
"2020";"Roosendaal";"   77251";"   65854";"    48.9";"     725";"   35363";"  107.16"
"2020";"Roosendaal en Nispen";"";"";"";"";"";""
"2020";"Rosmalen";"";"";"";"";"";""
"2020";"Rossum";"";"";"";"";"";""
"2020";"Rotterdam";"  651157";"  547628";"    34.3";"    2993";"  315565";"  324.14"
"2020";"Rozenburg";"";"";"";"";"";""
"2020";"Rozendaal";"    1704";"    1383";"    62.5";"      61";"     688";"   27.92"
"2020";"Rucphen";"   22878";"   19970";"    54.8";"     355";"    9822";"   64.48"
"2020";"Ruinen";"";"";"";"";"";""
"2020";"Ruinerwold";"";"";"";"";"";""
"2020";"Ruurlo";"";"";"";"";"";""
"2020";"Sas van Gent";"";"";"";"";"";""
"2020";"Sassenheim";"";"";"";"";"";""
"2020";"Schagen";"   46483";"   39604";"    49.3";"     276";"   20334";"  187.28"
"2020";"Scheemda";"";"";"";"";"";""
"2020";"Schermer";"";"";"";"";"";""
"2020";"Scherpenzeel";"    9880";"    7971";"    57.2";"     717";"    4002";"   13.81"
"2020";"Schiedam";"   78730";"   66349";"    41.5";"    4417";"   37292";"   19.86"
"2020";"Schiermonnikoog";"     947";"     852";"    46.1";"      23";"     587";"  199.07"
"2020";"Schijndel";"";"";"";"";"";""
"2020";"Schinnen";"";"";"";"";"";""
"2020";"Schipluiden";"";"";"";"";"";""
"2020";"Schoonebeek";"";"";"";"";"";""
"2020";"Schoonhoven";"";"";"";"";"";""
"2020";"Schoorl";"";"";"";"";"";""
"2020";"Schouwen-Duiveland";"   33839";"   29168";"    55.4";"     147";"   16783";"  488.21"
"2020";"Sevenum";"";"";"";"";"";""
"2020";"Simpelveld";"   10555";"    9192";"    53.8";"     658";"    5185";"   16.03"
"2020";"Sint Anthonis";"   11664";"    9963";"    52.1";"     117";"    4863";"   99.76"
"2020";"Sint-Michielsgestel";"   29208";"   24419";"    53.6";"     500";"   12183";"   59.34"
"2020";"Sint-Oedenrode";"";"";"";"";"";""
"2020";"Sittard";"";"";"";"";"";""
"2020";"Sittard-Geleen";"   92429";"   80921";"    45.9";"    1170";"   46625";"   80.58"
"2020";"Skarsterlân";"";"";"";"";"";""
"2020";"Sleen";"";"";"";"";"";""
"2020";"Sliedrecht";"   25220";"   20695";"    53.2";"    1965";"   10898";"   14.01"
"2020";"Slochteren";"";"";"";"";"";""
"2020";"Sluis";"   23210";"   20323";"    51.0";"      83";"   14200";"  307.16"
"2020";"Sluis-Aardenburg";"";"";"";"";"";""
"2020";"Smallingerland";"   56150";"   47132";"    47.5";"     479";"   25768";"  126.17"
"2020";"Smilde";"";"";"";"";"";""
"2020";"Sneek";"";"";"";"";"";""
"2020";"Soest";"   46606";"   39132";"    50.0";"    1008";"   20699";"   46.43"
"2020";"Someren";"   19368";"   16583";"    52.6";"     241";"    8113";"   81.50"
"2020";"Son en Breugel";"   17322";"   14405";"    52.1";"     667";"    7192";"   26.51"
"2020";"Spijkenisse";"";"";"";"";"";""
"2020";"Sprang-Capelle";"";"";"";"";"";""
"2020";"St. Anthonis";"";"";"";"";"";""
"2020";"Stad Delden";"";"";"";"";"";""
"2020";"Stadskanaal";"   31686";"   27257";"    50.5";"     269";"   15292";"  119.94"
"2020";"Standdaarbuiten";"";"";"";"";"";""
"2020";"Staphorst";"   17145";"   13294";"    59.9";"     128";"    5933";"  135.69"
"2020";"Stede Broec";"   21726";"   18219";"    53.5";"    1498";"    9199";"   16.37"
"2020";"Steenbergen";"   24416";"   21055";"    50.4";"     167";"   10433";"  159.14"
"2020";"Steenderen";"";"";"";"";"";""
"2020";"Steenwijk";"";"";"";"";"";""
"2020";"Steenwijkerland";"   44126";"   37275";"    52.1";"     153";"   20172";"  321.59"
"2020";"Stein (L.)";"   25007";"   22009";"    53.8";"    1186";"   11800";"   22.80"
"2020";"Stichtse Vecht";"   64931";"   53937";"    49.5";"     676";"   28549";"  106.82"
"2020";"Stramproy";"";"";"";"";"";""
"2020";"Strijen";"";"";"";"";"";""
"2020";"Súdwest-Fryslân";"   89987";"   75526";"    48.7";"     172";"   42119";"  907.87"
"2020";"Susteren";"";"";"";"";"";""
"2020";"Swalmen";"";"";"";"";"";""
"2020";"Tegelen";"";"";"";"";"";""
"2020";"Terheijden";"";"";"";"";"";""
"2020";"Terneuzen";"   54426";"   46852";"    50.9";"     217";"   26966";"  317.76"
"2020";"Terschelling";"    4888";"    4319";"    42.1";"      57";"    2293";"  673.99"
"2020";"Teteringen";"";"";"";"";"";""
"2020";"Texel";"   13575";"   11809";"    49.7";"      84";"    6651";"  463.16"
"2020";"Teylingen";"   37440";"   31420";"    51.0";"    1319";"   16048";"   33.49"
"2020";"Tholen";"   25757";"   21048";"    56.2";"     176";"   10983";"  254.00"
"2020";"Thorn";"";"";"";"";"";""
"2020";"Tiel";"   42159";"   35659";"    47.1";"    1282";"   18080";"   35.51"
"2020";"Tilburg";"  219789";"  187828";"    38.8";"    1892";"  100418";"  118.13"
"2020";"Tubbergen";"   21275";"   17888";"    53.6";"     145";"    8604";"  147.44"
"2020";"Twenterand";"   33743";"   27675";"    55.6";"     318";"   13819";"  108.14"
"2020";"Tynaarlo";"   33887";"   28147";"    51.4";"     237";"   14500";"  147.70"
"2020";"Tytsjerksteradiel";"   32052";"   26857";"    52.7";"     215";"   14044";"  161.41"
"2020";"Ubbergen";"";"";"";"";"";""
"2020";"Uden";"   42119";"   35679";"    47.2";"     629";"   19018";"   67.53"
"2020";"Udenhout";"";"";"";"";"";""
"2020";"Uitgeest";"   13666";"   11405";"    50.8";"     713";"    5713";"   22.29"
"2020";"Uithoorn";"   29478";"   24671";"    48.0";"    1625";"   12836";"   19.42"
"2020";"Urk";"   21031";"   15122";"    62.6";"    1599";"    6663";"  111.86"
"2020";"Utrecht (gemeente)";"  357597";"  297120";"    32.1";"    3811";"  156678";"   99.21"
"2020";"Utrechtse Heuvelrug";"   49580";"   41710";"    50.4";"     376";"   21821";"  133.94"
"2020";"Vaals";"   10105";"    9070";"    47.1";"     423";"    5806";"   23.90"
"2020";"Valburg";"";"";"";"";"";""
"2020";"Valkenburg (ZH.)";"";"";"";"";"";""
"2020";"Valkenburg aan de Geul";"   16367";"   14580";"    48.9";"     446";"    8309";"   36.92"
"2020";"Valkenisse";"";"";"";"";"";""
"2020";"Valkenswaard";"   31193";"   27032";"    49.5";"     568";"   14805";"   56.50"
"2020";"Veendam";"   27384";"   23292";"    48.9";"     360";"   12843";"   78.68"
"2020";"Veenendaal";"   66493";"   54327";"    53.5";"    3417";"   28353";"   19.72"
"2020";"Veere";"   21880";"   18622";"    58.7";"     165";"   10967";"  206.55"
"2020";"Veghel";"";"";"";"";"";""
"2020";"Veldhoven";"   45466";"   38566";"    51.4";"    1435";"   19913";"   31.89"
"2020";"Velsen";"   68648";"   58229";"    46.7";"    1519";"   31226";"   63.17"
"2020";"Venhuizen";"";"";"";"";"";""
"2020";"Venlo";"  101802";"   87287";"    47.0";"     819";"   47412";"  128.99"
"2020";"Venray";"   43614";"   37299";"    49.6";"     267";"   19137";"  165.00"
"2020";"Vessem, Wintelre en Knegsel";"";"";"";"";"";""
"2020";"Vianen";"";"";"";"";"";""
"2020";"Vierlingsbeek";"";"";"";"";"";""
"2020";"Vijfheerenlanden";"   56811";"   47083";"    52.9";"     388";"   23824";"  153.31"
"2020";"Vlaardingen";"   73397";"   61655";"    45.2";"    3114";"   35470";"   26.69"
"2020";"Vlagtwedde";"";"";"";"";"";""
"2020";"Vledder";"";"";"";"";"";""
"2020";"Vleuten-De Meern";"";"";"";"";"";""
"2020";"Vlieland";"    1155";"    1039";"    41.8";"      30";"     579";"  315.80"
"2020";"Vlijmen";"";"";"";"";"";""
"2020";"Vlissingen";"   44360";"   38062";"    45.0";"    1293";"   22907";"  344.84"
"2020";"Vlist";"";"";"";"";"";""
"2020";"Voerendaal";"   12475";"   10765";"    54.9";"     396";"    5819";"   31.52"
"2020";"Voorburg";"";"";"";"";"";""
"2020";"Voorhout";"";"";"";"";"";""
"2020";"Voorschoten";"   25596";"   21129";"    50.3";"    2297";"   11465";"   11.56"
"2020";"Voorst";"   24552";"   20705";"    53.3";"     200";"   10641";"  126.47"
"2020";"Vorden";"";"";"";"";"";""
"2020";"Vries";"";"";"";"";"";""
"2020";"Vriezenveen";"";"";"";"";"";""
"2020";"Vught";"   26558";"   21949";"    47.5";"     787";"   11519";"   34.69"
"2020";"Waadhoeke";"   46090";"   38905";"    50.0";"     162";"   21228";"  315.26"
"2020";"Waalre";"   17456";"   14544";"    52.3";"     780";"    7765";"   22.66"
"2020";"Waalwijk";"   48637";"   41245";"    49.9";"     753";"   21948";"   67.65"
"2020";"Waddinxveen";"   29291";"   24043";"    54.9";"    1055";"   12332";"   29.40"
"2020";"Wageningen";"   39664";"   34765";"    34.0";"    1304";"   17721";"   32.36"
"2020";"Warmond";"";"";"";"";"";""
"2020";"Warnsveld";"";"";"";"";"";""
"2020";"Waspik";"";"";"";"";"";""
"2020";"Wassenaar";"   26305";"   21954";"    51.6";"     515";"   12222";"   62.40"
"2020";"Wateringen";"";"";"";"";"";""
"2020";"Waterland";"   17424";"   14688";"    52.2";"     334";"    7319";"  115.66"
"2020";"Weerselo";"";"";"";"";"";""
"2020";"Weert";"   50105";"   43177";"    48.5";"     480";"   22948";"  105.54"
"2020";"Weesp";"   19738";"   16400";"    45.8";"     866";"    9197";"   24.16"
"2020";"Wehl";"";"";"";"";"";""
"2020";"Werkendam";"";"";"";"";"";""
"2020";"Wervershoof";"";"";"";"";"";""
"2020";"West Betuwe";"   51128";"   42394";"    54.7";"     237";"   20875";"  229.12"
"2020";"West Maas en Waal";"   19324";"   16545";"    52.3";"     252";"    8222";"   85.21"
"2020";"Westerbork";"";"";"";"";"";""
"2020";"Westerhoven";"";"";"";"";"";""
"2020";"Wester-Koggenland";"";"";"";"";"";""
"2020";"Westerkwartier";"   63329";"   52485";"    52.2";"     175";"   27309";"  368.87"
"2020";"Westerschouwen";"";"";"";"";"";""
"2020";"Westerveld";"   19460";"   17011";"    53.3";"      70";"    8529";"  282.74"
"2020";"Westervoort";"   14971";"   12747";"    50.7";"    2130";"    6723";"    7.84"
"2020";"Westerwolde";"   25733";"   22037";"    52.4";"      93";"   11982";"  280.65"
"2020";"Westkapelle";"";"";"";"";"";""
"2020";"Westland";"  110375";"   92026";"    51.3";"    1358";"   45063";"   90.74"
"2020";"Weststellingwerf";"   25914";"   21978";"    50.8";"     118";"   11711";"  228.45"
"2020";"Westvoorne";"   14731";"   12808";"    55.1";"     277";"    6890";"   97.48"
"2020";"Wierden";"   24446";"   20217";"    57.2";"     258";"    9860";"   95.39"
"2020";"Wieringen";"";"";"";"";"";""
"2020";"Wieringermeer";"";"";"";"";"";""
"2020";"Wijchen";"   41110";"   34861";"    50.8";"     621";"   18023";"   69.56"
"2020";"Wijdemeren";"   24358";"   20628";"    49.8";"     512";"   10691";"   76.36"
"2020";"Wijhe";"";"";"";"";"";""
"2020";"De Wijk";"";"";"";"";"";""
"2020";"Wijk bij Duurstede";"   23914";"   20047";"    53.0";"     502";"   10107";"   50.40"
"2020";"Willemstad";"";"";"";"";"";""
"2020";"Winschoten";"";"";"";"";"";""
"2020";"Winsum";"";"";"";"";"";""
"2020";"Winterswijk";"   28854";"   24723";"    49.9";"     209";"   13139";"  138.82"
"2020";"Wisch";"";"";"";"";"";""
"2020";"Wittem";"";"";"";"";"";""
"2020";"Woensdrecht";"   21876";"   18859";"    54.8";"     239";"    9866";"   91.97"
"2020";"Woerden";"   52299";"   43131";"    49.6";"     590";"   22106";"   92.92"
"2020";"Wognum";"";"";"";"";"";""
"2020";"De Wolden";"   24330";"   20757";"    53.9";"     108";"   10370";"  226.35"
"2020";"Wormerland";"   16270";"   13952";"    49.9";"     422";"    6971";"   45.18"
"2020";"Woudenberg";"   13362";"   10723";"    56.9";"     366";"    5188";"   36.82"
"2020";"Woudrichem";"";"";"";"";"";""
"2020";"Wouw";"";"";"";"";"";""
"2020";"Wûnseradiel";"";"";"";"";"";""
"2020";"Wymbritseradiel";"";"";"";"";"";""
"2020";"Zaanstad";"  156794";"  130996";"    44.6";"    2123";"   68947";"   83.24"
"2020";"Zaltbommel";"   28881";"   23593";"    53.5";"     364";"   11623";"   89.04"
"2020";"Zandvoort";"   17116";"   14850";"    41.2";"     533";"    9708";"   43.97"
"2020";"Zederik";"";"";"";"";"";""
"2020";"Zeevang";"";"";"";"";"";""
"2020";"Zeewolde";"   22653";"   18734";"    51.9";"      92";"    8678";"  268.86"
"2020";"Zeist";"   64905";"   53620";"    44.5";"    1338";"   29245";"   48.65"
"2020";"Zelhem";"";"";"";"";"";""
"2020";"Zevenaar";"   43750";"   37504";"    50.3";"     472";"   19970";"  106.10"
"2020";"Zevenbergen";"";"";"";"";"";""
"2020";"Zevenhuizen-Moerkapelle";"";"";"";"";"";""
"2020";"Zierikzee";"";"";"";"";"";""
"2020";"Zijpe";"";"";"";"";"";""
"2020";"Zoetermeer";"  125285";"  104226";"    46.8";"    3637";"   56458";"   37.05"
"2020";"Zoeterwoude";"    8605";"    7272";"    51.0";"     406";"    3532";"   21.96"
"2020";"Zuidhorn";"";"";"";"";"";""
"2020";"Zuidlaren";"";"";"";"";"";""
"2020";"Zuidplas";"   43885";"   35967";"    54.3";"     756";"   18031";"   64.05"
"2020";"Zuidwolde";"";"";"";"";"";""
"2020";"Zundert";"   21829";"   18970";"    51.1";"     181";"    9472";"  121.21"
"2020";"Zutphen";"   47934";"   40779";"    45.1";"    1170";"   22267";"   42.93"
"2020";"Zwartewaterland";"   22685";"   18054";"    60.5";"     275";"    8942";"   87.86"
"2020";"Zwartsluis";"";"";"";"";"";""
"2020";"Zweeloo";"";"";"";"";"";""
"2020";"Zwijndrecht";"   44737";"   37539";"    50.4";"    2204";"   20537";"   22.77"
"2020";"Zwolle";"  128840";"  106190";"    42.9";"    1160";"   58492";"  119.36"
